{"starting_capital":1E5,"final_equity":1.6255270000002452E5,"total_pnl":6.255270000002452E4,"return_pct":6.255270000002452E1,"max_drawdown_pct":1.0104839483544097E2,"sharpe_per_fill":2.2221454584818976E-2,"total_fills":4052,"win_fills":1002,"win_rate_pct":2.472852912142152E1}
